90220660,83220066,90220675,90120174,96600283,90220555,87270386,81610478,90120086,81610223,96600547,81610950,96600398,98760559,81610888,83220136,81610971,90120949,98760367,83220771
96600758,81610945,86710321,90220514,90120846,81610833,83220404,81610642,81610859,96960307,81610938,96960726,86710437,81610964,97490440,96600060,86710750,96960306,97490084,97490669
97490720,87270959,96600519,96960786,97490820,86710767,96960214,87270594,96600818,86710683,87270231,96960458,81610738,97490959,90220917,96600505,98760984,87270627,86710312,96600970
97490876,83220186,96960349,81610421,90120045,86710941,98760028,96960917,96600898,90220586,97490674,87270560,96600049,81610954,90220342,86710187,87270456,96960826,81610830,98760297
90220784,96600948,90220646,87270750,81610148,97490144,97490910,97490266,83220181,97490465,90120680,90220246,98760938,90120627,83220676,90220772,90220316,98760781,83220362,83220719
81610078,90120804,81610448,97490590,96600887,87270095,96960296,90120199,81610260,96960599,86710025,90120287,81610179,96960207,86710835,87270626,96960358,96600985,87270564,87270587
86710422,98760985,96600079,96960680,97490139,96960697,83220715,96600278,90220042,96600418,90220952,83220644,87270815,87270130,97490368,98760382,81610886,90220225,96600488,97490840
96600769,87270212,86710860,87270773,90120240,90220957,98760008,81610941,83220978,98760104,90120180,90220837,83220266,96960143,90120043,87270309,97490648,81610333,97490665,98760465
90120658,90220801,81610638,86710725,81610470,81610075,98760019,87270201,90220642,83220459,96600402,97490972,96960935,96600801,90120242,96600533,98760791,96960129,97490472,86710914
96960174,83220695,86710435,96960443,97490659,87270104,86710778,90120260,90220175,83220972,97490556,90220014,96600270,86710294,96960568,96600578,96960602,98760239,96960685,96960776
86710296,97490003,97490956,90120474,90220339,86710375,81610009,90120058,98760517,96600591,96600622,87270171,90220436,83220880,98760772,90120277,96960170,87270441,86710476,97490011
98760779,90220634,90220108,83220653,96600077,86710591,90220913,97490929,90120395,83220189,97490432,90220618,97490680,86710176,97490120,90120617,97490107,83220554,86710202,98760512
97490133,90220650,86710132,96600721,86710518,81610881,87270989,98760731,81610011,96960345,98760090,87270896,90120624,81610340,90220524,96960589,90120365,90120238,87270671,90120586
87270622,83220256,90120014,83220420,90120978,81610736,96600643,90220855,90220168,96960750,90120771,83220493,96600135,90120786,87270245,97490816,86710650,96600535,86710901,90220423
90220534,83220444,81610249,96600374,87270480,97490239,90120538,98760554,96960215,86710449,96600478,98760077,97490883,87270265,96600025,90120830,98760120,83220196,96960097,90120495
98760732,87270320,90220590,90120384,86710123,96600096,81610180,97490607,96960695,90120133,90120856,81610013,96960878,81610825,98760083,98760331,87270746,96600540,90220570,83220447
97490776,96600400,96600339,90120902,86710627,96960158,96960190,86710755,90220284,87270200,87270089,83220006,81610477,81610630,98760708,98760802,83220303,87270615,97490150,90120524
90220761,96960287,96960065,86710041,81610029,86710706,96960147,90120906,87270233,86710709,96600267,87270629,86710276,90120135,81610126,97490825,97490522,96600774,97490162,96960167
90120744,81610939,97490957,87270599,97490912,96960605,86710378,90120577,96960051,86710379,83220626,81610846,96600118,96600559,87270636,81610493,81610062,98760894,87270348,96600432
98760045,90220593,83220633,97490561,90120779,86710279,96960640,96600523,87270110,90120209,97490783,96600642,83220965,86710065,96960209,90120485,81610596,90120734,81610530,81610910
98760041,83220581,97490899,86710754,96960327,86710395,96600263,96960660,86710619,81610197,81610149,96600849,90120510,90220779,81610094,96600455,86710093,86710858,96960718,81610905
90120317,98760794,96960201,86710837,97490202,96600034,96600124,96600634,96960824,96960180,96960009,83220386,98760056,90220552,96600111,90220323,81610043,86710135,96600599,90220037
90220259,87270674,96600764,86710195,98760403,90120928,90220206,98760584,81610332,96960418,83220400,96960246,87270515,83220110,90220707,87270396,96960787,87270150,96600674,98760127
90120001,81610364,96960835,96600367,96960668,96600062,90120357,97490506,98760718,87270752,96960169,81610111,96960267,90120127,96600123,96960254,86710280,90220662,90220452,87270388
81610353,98760981,96960676,83220834,86710160,96600628,90220547,98760762,81610257,90220098,87270288,87270922,81610336,90120187,83220638,90120222,90220483,96960023,97490826,81610695
81610956,86710766,90120693,90220318,98760397,96600410,87270897,86710525,83220169,96960632,81610584,96600073,87270767,83220145,83220218,81610976,90220334,86710955,98760737,81610741
96600870,98760973,90220659,87270818,90120235,90220160,81610175,83220222,83220119,96600555,86710523,98760081,83220305,86710948,98760356,90120549,90220978,87270018,96960269,90120792
81610418,81610588,83220190,98760161,96600438,83220532,96960026,90220281,98760379,90220366,96960940,81610115,97490835,81610406,90120270,86710228,97490324,83220678,87270292,98760030
87270670,97490073,90120863,96600800,83220854,87270108,96960425,81610209,97490888,81610944,86710260,97490474,96960461,96960669,81610199,98760820,90220904,86710603,83220439,81610955
87270706,96600399,86710341,98760683,86710600,90120183,90220224,87270576,96600952,96960005,81610107,98760527,96960241,97490575,98760145,98760831,96600459,97490136,81610285,81610581
90120868,96600795,86710023,86710773,83220873,90220832,90220691,90120661,83220999,96960985,87270593,90120860,96600491,87270520,98760613,86710634,90220967,96960031,90220411,96960522
87270306,83220869,98760642,90220155,87270417,87270652,97490366,83220011,97490631,96960427,96960902,96960165,83220348,87270007,81610753,96600063,97490488,90120631,98760064,98760165
90120544,87270191,86710847,81610737,87270079,81610890,96960438,97490272,83220729,90120968,90120329,81610439,81610225,87270893,90120760,98760365,96960518,98760002,97490037,81610079
90220311,97490605,90220985,83220631,90120185,87270511,98760863,83220463,86710865,90220693,90220954,83220604,97490806,96960212,98760754,98760232,86710292,98760969,96600797,90120223
83220714,86710589,96600467,83220471,98760631,90120397,87270489,90120600,90120249,90220421,90220548,96600909,81610374,90120326,96600661,87270546,81610419,86710068,96960278,83220793
96960900,83220634,86710675,97490860,98760547,97490012,86710129,98760993,83220593,86710676,96960945,97490496,90120579,98760914,83220859,83220488,97490085,83220290,81610573,83220440
96600058,90120452,98760236,96960480,96960451,98760146,97490317,87270074,96600338,96960218,87270521,96960137,87270894,90220012,87270843,83220151,86710436,96600011,98760966,86710674
87270324,98760571,86710743,98760928,96960348,87270316,96600024,90220528,83220170,97490774,96960908,83220791,90120618,83220306,96600328,98760430,90120629,83220837,96960012,90220257
86710439,96960816,97490098,81610597,90220533,87270412,87270523,96960754,90120212,96600381,90120865,83220794,83220692,86710602,90220752,97490568,97490635,86710071,86710510,90120775
98760837,90120666,87270411,96600859,98760333,98760164,83220680,90220150,81610407,86710733,98760752,97490651,87270667,81610831,83220168,96960844,83220026,86710707,87270062,97490916
98760530,90120349,86710981,97490005,98760135,81610510,97490914,90120281,87270139,90120909,96600697,96960512,81610852,90120908,98760418,96600245,81610923,83220074,98760069,87270329
96600225,90120479,86710873,96960329,97490294,96600356,97490065,81610320,96600978,90120371,90120739,90120169,96600268,90120196,81610541,81610347,83220560,96960285,98760284,90220710
98760832,83220820,83220472,81610690,97490521,96600609,86710473,81610960,96600895,96960606,96960982,98760980,83220675,98760612,86710031,81610314,96960485,81610287,96600852,96600552
98760195,83220646,90220578,98760071,90120442,97490769,81610119,87270337,81610184,96960805,90120965,90220260,98760124,87270064,98760528,86710611,90120834,81610101,86710631,90220988
97490138,96960300,83220167,90220877,90220896,90220384,96960052,81610142,96600554,81610422,83220608,86710204,87270472,97490857,87270581,81610829,96600053,96960700,96960566,98760189
86710938,97490149,96600798,86710986,98760274,90220828,90120837,90220720,98760619,98760954,90120468,83220848,98760875,97490396,96960752,81610924,87270078,81610667,90120451,90220273
98760627,87270797,97490723,97490773,97490268,87270624,81610827,87270111,90120814,98760058,90220291,86710504,96601000,96600594,96600021,87270376,96960197,96960797,87271000,81610409
96600566,97490777,81610568,96960221,81610879,90120005,97490347,98760630,90120845,98760229,81610558,90120919,81610498,81610284,81610414,97490823,86710947,87270263,90120751,90220936
87270391,96600100,96960818,90220753,81610150,97490501,86710255,86710077,97490660,96600537,90220553,97490608,97490922,98760566,98760143,87270676,97490413,90220594,90120895,98760700
83220824,96600483,83220137,97490986,83220482,97490078,96600193,87270527,86710763,96960713,87270699,96600791,96960714,97490398,97490437,86710526,98760860,86710274,90120783,90220915
81610885,96960431,86710973,98760223,96960312,81610246,81610116,96960495,97490518,97490569,86710900,90120799,98760177,90120132,86710221,90120798,87270230,81610637,86710348,96600416
90220846,96600875,98760913,81610272,81610095,96960340,83220175,81610058,97490886,98760101,90220630,90220111,90120114,96600955,98760622,81610668,90120343,97490140,87270704,90120943
90220488,90120393,96960862,98760983,87270015,98760765,83220952,98760669,90120635,90220708,86710010,87270925,86710761,97490476,87270258,98760339,97490169,97490292,90120324,83220521
83220317,97490653,98760755,96600912,87270267,81610420,96600529,96960352,83220195,83220710,83220178,81610427,98760417,81610120,90120578,98760327,97490678,83220677,96600637,97490302
83220650,90220214,90220484,86710916,81610723,97490935,90220417,83220980,90120671,97490382,90220811,90120252,98760538,98760456,83220159,83220002,87270736,97490388,96960317,96600351
96960971,83220450,90220024,83220976,96600003,81610290,87270395,96960183,90220719,96960675,90120556,87270554,86710275,83220615,83220694,87270842,90120563,81610517,97490336,96600033
96960057,86710645,96960889,86710985,86710883,83220481,86710552,96960696,90220105,87270482,83220906,97490528,96960265,98760282,86710232,83220441,97490361,86710270,86710686,86710021
83220234,86710961,86710061,90220715,98760472,90220532,96960403,96600106,87270032,83220160,96960827,83220789,90120431,81610562,97490937,90220151,98760601,96600282,96600312,96960252
97490540,83220551,96960316,97490838,83220665,96600518,97490995,98760823,83220651,86710492,96960557,90120081,90120741,98760763,87270453,81610803,96960538,90120271,98760758,96600708
86710979,87270419,90120124,87270727,83220543,81610450,98760411,90120695,86710220,87270910,98760711,96600289,87270019,96600388,90120354,98760887,90120950,90220292,97490615,87270328
87270457,83220896,98760836,97490248,96960199,90120435,98760927,81610392,90220356,90120880,90220607,90220345,87270228,96960757,97490620,86710293,90220286,83220498,97490345,96960442
96960748,97490152,83220997,90220814,83220698,87270029,98760322,96960995,83220235,81610136,98760412,90220113,83220691,97490898,87270284,97490542,96960464,97490339,87270223,86710613
86710223,98760551,98760046,81610123,96960551,86710493,96960233,98760169,90120457,96960223,90220505,96600370,90220294,96600574,90120903,97490263,98760477,90220973,98760346,96600409
87270586,96600916,98760163,83220113,96600127,90220109,86710249,90120613,83220127,90120654,96600899,96600294,90220478,97490973,81610636,90220867,96960282,86710390,86710967,96960867
86710013,81610124,86710302,83220994,96960356,90120332,96600013,97490846,90220571,86710539,97490918,87270493,90220354,96960777,86710563,86710805,81610487,81610446,96960156,87270059
97490854,97490284,96960469,96960159,96960719,98760874,83220657,90120667,97490439,83220416,96600098,96600922,87270485,86710831,90220344,96960160,83220495,87270917,81610303,96960487
96960496,81610242,81610227,98760986,98760361,90220283,96600379,87270338,81610098,96960936,81610515,86710102,86710364,81610508,90120912,97490101,81610059,90120649,97490535,96960624
96600110,81610626,83220149,86710490,90120218,97490579,96960112,96600181,81610146,90220921,86710569,83220087,81610692,96960402,97490708,97490283,90120892,96960400,96600222,96960479
90220527,96960626,98760319,96600027,96600778,98760940,81610311,87270247,83220337,97490402,98760183,83220082,98760108,90120619,83220396,83220992,90120334,97490451,87270655,86710711
98760359,96600512,98760965,96960008,97490478,98760871,90220866,90220075,96960545,81610936,87270163,96960280,98760877,90220254,90220220,96960682,90120686,90120346,98760305,90220518
96600689,87270106,96960734,87270715,90220376,90220766,87270713,86710353,98760401,97490942,98760515,86710584,87270224,97490372,90120447,98760729,87270242,96600787,97490409,87270745
96960472,97490147,83220558,96960987,96960268,86710092,97490938,87270502,83220123,90120387,83220528,97490334,83220967,98760582,96600557,83220464,87270889,81610823,90220446,98760518
81610317,83220803,97490770,98760919,83220786,96960742,86710261,96960684,86710875,81610010,90220008,86710940,96600632,83220516,90120745,86710356,90120904,81610280,90120992,90120987
90220909,98760738,81610338,83220191,90120013,98760458,87270694,98760484,96960334,86710322,97490080,96600014,90120057,90120673,96960462,90120700,98760856,86710271,90220803,97490002
86710727,96960304,96600822,81610851,98760495,87270136,90120439,83220682,96600362,96600232,86710162,90220992,97490921,90120972,87270491,86710746,97490861,98760275,90220010,86710291
97490867,97490351,98760756,97490393,86710323,97490697,96600443,87270434,90220972,87270414,87270758,87270763,87270802,83220988,87270696,87270076,86710889,87270073,83220885,86710926
83220451,90220457,96960860,90120008,96960072,86710309,87270454,90120983,87270878,90120675,96960182,90120498,96600990,86710351,90220958,90120652,81610198,96600163,97490070,96960038
98760574,87270291,83220016,97490304,81610386,97490657,98760034,86710710,81610762,90220860,90220640,87270890,81610253,87270880,90220475,96960820,90120813,97490380,90220932,87270568
98760096,97490589,87270529,96960331,86710459,81610618,90220394,90220537,81610495,90120639,90220087,81610563,96960095,90220758,87270813,90120582,83220065,98760267,86710615,87270980
86710161,87270432,87270533,96600881,90220859,90220735,96960096,86710741,96600833,96600565,90120938,81610935,83220232,98760720,90220667,90120079,96960275,98760481,97490583,86710193
98760868,87270330,97490971,90120019,86710431,96960389,98760714,96600419,90220591,81610550,97490945,90220597,96600242,97490163,90120356,96600576,83220292,96600684,96600072,96960577
96600860,98760057,90220489,96600202,98760799,96600484,83220974,96960804,98760039,97490265,81610052,81610732,87270318,90220324,96960529,90120023,90220353,81610951,87270070,90120392
86710680,83220706,86710418,96960892,96960585,90220032,81610698,98760920,86710303,90120161,90120032,81610522,83220963,96600951,96960951,97490013,90220264,90120002,96960994,97490716
96600726,97490135,90120139,90220556,81610356,97490813,97490761,90220314,96600183,86710553,96600999,98760324,98760977,96960737,96600964,83220491,87270276,90120302,90220835,98760804
86710999,90120574,90220953,96960858,97490166,90120659,98760824,96600197,90220894,90220469,90220046,90120523,98760611,81610665,83220721,90120297,96960722,83220057,87270508,81610074
90120096,83220964,90220575,86710038,96600752,96600987,87270822,96960630,87270360,81610779,96960541,97490682,98760790,87270045,96600335,87270351,83220240,83220054,90120929,86710708
96960181,86710801,98760795,96600788,96600076,90220296,90120405,98760156,96600038,81610264,90120301,96960973,81610520,87270082,90120091,97490679,96600091,90220237,83220414,87270123
97490235,83220924,90120144,90120254,83220836,96600588,81610402,90120355,83220552,97490159,97490236,90120151,97490654,98760116,87270404,90120236,87270835,96960446,87270870,98760735
81610182,97490610,86710206,83220742,83220681,97490201,97490210,90120066,81610118,90120231,96960456,87270477,96600095,97490360,81610860,83220041,96600101,86710002,98760910,81610639
98760227,96960363,87270173,90120784,86710928,81610166,90120015,96600823,96600407,83220097,98760846,86710913,98760250,98760697,90220244,96600771,86710807,86710005,96960618,96960504
83220863,87270317,97490193,86710344,98760113,96960019,90220215,90220949,90120232,90220671,87270088,83220913,98760651,96960509,96960958,81610401,90120609,96600205,81610712,83220544
83220245,96600743,96600872,86710638,83220639,90220602,97490053,90120202,96960643,87270754,86710272,83220814,81610375,96960346,90120878,96960699,83220852,81610222,90220829,98760234
98760623,83220890,83220985,98760262,90120380,90220413,97490724,96600699,96600389,81610838,98760221,87270753,90220400,98760060,96960449,96960025,90220485,87270325,98760764,81610093
96600703,81610503,81610030,87270314,96960788,90220778,83220255,96600793,90220864,86710897,90120615,98760471,81610480,81610631,96600713,86710912,90120166,96960029,87270408,90220713
90120121,96600656,90120394,86710775,96600155,83220813,86710543,83220929,96960360,96960883,83220176,81610598,96960145,90120487,96960018,87270431,83220669,86710227,90120920,86710413
97490905,86710519,97490487,86710186,97490592,90120970,90220994,96600903,97490632,98760349,97490285,97490115,96960227,90220558,97490842,96600538,87270208,97490335,90220653,98760865
97490640,86710440,98760933,83220668,96600251,86710145,87270167,90120691,97490467,98760404,90220821,86710368,81610187,86710248,97490696,96960122,83220023,86710078,83220095,97490083
86710546,86710097,90220450,86710562,86710864,96960773,90220819,96960937,98760581,87270826,98760416,81610215,96960760,96960326,86710903,90120952,96600973,96600969,97490743,87270278
81610898,96960030,83220960,87270783,90220238,96600605,98760208,83220523,87270289,90220228,90120535,98760647,90220030,87270002,86710870,96600744,97490836,96960896,90120090,87270152
90120085,96960590,98760388,90220007,87270985,87270475,87270518,96960592,87270648,96600404,96960898,90120178,90120980,97490887,97490256,90220569,83220369,90220245,83220260,96600504
90220499,86710474,83220693,83220882,97490428,83220154,90120265,97490184,83220424,83220647,96600715,86710231,97490909,81610768,83220998,96960746,90120927,96600454,90220439,86710424
90220065,97490721,90120632,96960420,97490947,97490446,90120640,98760829,90220179,90220906,90120030,87270792,81610056,98760095,87270876,97490785,97490804,83220284,96600986,90120073
90120662,87270659,87270209,97490290,97490449,96600583,97490965,90220927,90220041,98760179,90120379,87270041,81610999,96600252,97490702,81610193,90220301,96960534,90120017,97490463
96960047,90120227,90220950,98760694,97490277,97490627,86710910,83220487,87270455,96600080,90120465,90220669,98760141,97490395,81610655,83220779,98760739,98760821,81610172,90120564
86710426,90220445,97490572,87270698,97490529,81610410,87270936,96600686,90120255,96960830,86710927,83220774,97490996,90120459,87270937,96600475,96600517,96960709,81610947,83220973
96960493,83220183,87270606,96960574,86710096,87270343,90220689,96960620,81610276,98760070,81610917,90120825,97490134,81610213,83220951,81610279,96600740,81610424,96960060,98760094
97490240,96960795,98760490,87270339,87270066,86710217,81610863,90220347,96600963,96600234,97490407,90120101,90120740,83220655,81610090,96600140,96600200,90220746,86710072,97490457
96600125,87270051,96960001,97490401,96960217,98760906,97490600,83220740,90220608,90120047,81610576,83220025,90220189,87270253,98760586,86710016,83220778,98760995,81610887,87270333
90220655,96960730,98760953,98760469,87270219,86710996,87270769,97490612,96600814,86710167,96960460,96960888,96600580,97490871,98760144,98760505,90220823,81610973,98760736,98760231
98760991,90120765,96960770,83220872,83220307,97490484,90220275,96960290,98760850,96960642,81610958,90120838,98760148,97490784,86710566,81610259,86710120,96600786,96600211,90220824
96960895,90220922,81610553,98760502,83220663,83220926,96960739,96960511,98760994,87270083,83220781,96960839,90220322,87270662,81610405,86710720,90120402,86710024,96960092,87270383
81610635,96960591,90220121,98760813,81610980,90220209,97490662,96960832,87270312,96960782,83220035,97490459,86710295,97490064,86710575,96960003,83220871,96960798,81610546,90220308
98760760,96960098,86710734,97490735,96600408,96960978,97490103,87270262,96600189,96600862,98760496,97490946,98760419,90120643,90120481,96600297,96600545,96960553,97490287,86710700
83220103,87270939,90120211,86710084,90220764,87270500,90220332,83220081,97490576,96960616,83220048,87270825,96600366,90120605,96960062,90120633,81610431,81610208,86710698,98760137
96600054,81610728,96600629,83220939,83220438,83220645,98760369,96600996,90220230,86710263,90220118,81610270,87270213,96960243,90120955,96960450,97490954,81610575,81610848,87270891
90120419,90220549,87270181,97490042,86710008,96600884,96960325,98760533,86710762,83220514,83220093,81610730,90120475,96600663,86710982,83220961,96960069,90220893,97490458,97490975
83220063,87270572,96960253,90120093,87270315,86710095,97490557,97490358,83220541,87270226,90120087,96600981,98760235,81610985,97490197,96600660,86710952,81610251,97490874,98760396
90120453,86710154,83220892,90220982,96960393,90120731,81610068,86710592,98760027,96960666,90120729,96600845,83220008,96600035,86710208,96960226,87270575,87270887,96600706,97490570
90120128,97490399,98760510,90120122,98760905,96600549,81610682,90220268,90220141,87270604,97490877,98760691,86710748,90120018,98760105,96600998,83220496,97490700,98760742,98760592
81610483,90220005,96600423,98760402,90120184,97490753,81610798,83220334,96600203,90220187,98760753,90120660,83220914,96960414,81610266,86710319,96600116,98760307,81610164,90220248
98760122,90220617,90120373,90220797,97490747,81610113,81610536,86710219,97490885,81610658,90220612,83220537,81610817,96600905,86710114,96960367,96960309,90220277,81610504,97490497
96960313,86710011,96600066,96600620,90120669,86710036,98760947,90220966,98760140,98760259,81610840,86710111,87270537,97490958,86710491,96960177,96600019,96960561,90220380,90120995
90220089,83220583,96960581,87270193,86710334,86710352,81610611,86710046,87270356,87270282,96960361,90120717,90120500,90120503,96960573,98760853,87270345,90120175,97490303,81610296
83220637,87270689,86710610,81610292,96960245,90120678,90220502,81610277,96960053,96600310,87270250,96960426,96960656,86710451,83220574,96960422,81610940,87270879,90120876,90120304
98760745,98760464,83220908,86710852,96960105,86710380,96600585,87270321,83220689,96960528,96600158,96960322,83220421,87270717,98760158,87270761,90220947,96960598,81610514,96600558
90120976,90120150,96960729,81610099,98760695,96960429,96600332,87270159,98760931,97490471,81610216,90220853,90120322,83220567,87270729,81610306,86710583,83220969,87270590,96960969
90220481,97490041,90220621,81610868,90120642,96600848,97490249,87270447,96960989,96960249,90120092,96960887,87270545,87270196,90120954,83220336,96960394,90120886,86710719,96960769
90120979,90220760,97490279,86710393,96600725,87270115,87270688,97490158,86710354,90120897,98760134,98760353,83220925,90220631,90120971,90220289,97490026,98760500,98760929,97490052
86710313,86710443,98760031,83220391,90220381,96960628,86710278,90220765,96960430,83220302,81610064,97490970,90120118,86710574,96600753,81610713,96600317,83220584,98760312,90220247
83220534,87270120,86710887,81610132,90220285,96600010,96960142,90120994,97490055,87270559,86710902,90120709,90120843,81610122,87270734,83220040,98760996,83220762,87270866,87270857
81610810,90220029,98760204,98760079,90120153,96960058,86710585,98760750,97490663,90120959,97490316,86710128,83220658,96960134,96600265,90120226,90120518,83220641,90220748,96960921
96960262,90120469,96960339,90120294,97490652,87270153,96960107,97490200,81610455,98760001,97490332,87270943,87270580,81610231,81610499,97490611,86710561,98760293,90220515,87270964
96960711,81610850,90220330,97490490,81610393,96600770,81610335,98760151,86710050,98760657,83220702,96960807,97490618,90120444,81610033,98760126,87270598,90120120,86710017,96960527
90120278,90220751,97490333,90220053,97490577,87270365,96600575,81610797,97490554,83220217,86710692,97490741,97490422,86710376,86710760,87270863,90120829,90220529,96960914,90120067
96600138,83220555,96600090,90220777,96960380,87270831,96600430,83220092,96960151,98760716,83220841,96600991,81610337,97490071,86710131,90220492,90220956,83220341,87270332,87270026
87270680,90120156,96960673,83220455,83220600,83220322,97490359,90220390,86710196,96600748,81610426,96600137,86710212,98760226,96600006,81610479,87270211,86710944,81610192,90220869
90120062,90220095,97490924,86710581,83220381,97490604,90220011,97490001,86710834,90220474,81610440,90220500,81610354,81610942,96960842,86710315,90220736,87270487,96960452,90220138
83220456,90220596,96600069,83220580,97490039,87270962,83220792,90120910,90120951,86710350,87270633,96600160,86710139,83220449,87270709,90120193,98760377,98760025,90220918,90220313
90220035,90220991,97490097,87270483,90220564,81610394,81610922,81610769,90220019,97490639,83220351,98760783,90220367,81610824,81610681,87270856,81610519,96600300,97490206,83220737
81610054,98760316,96600166,86710949,87270938,96960445,90220624,81610610,86710843,98760780,83220525,83220835,98760749,90120672,96960342,96600421,97490717,90120727,90220159,87270093
87270220,81610693,81610649,81610362,96600838,90120969,81610981,81610811,90220523,96960779,81610053,90220174,96960261,90220826,97490491,90120408,83220688,97490714,86710179,81610742
81610500,81610466,96600496,90220425,86710414,96960875,86710007,98760037,97490692,81610083,96600458,98760184,90220964,98760658,81610268,90120276,86710564,81610535,96600932,90220021
90220319,96960255,98760544,97490035,90220503,96960944,97490376,86710934,98760335,97490880,96960974,96960868,83220329,98760017,87270981,87270369,97490827,83220398,81610633,90220085
90120316,96960203,87270145,96960125,96960662,90120112,81610482,81610489,86710530,90120704,96600196,86710751,86710717,96600639,83220690,86710124,90120677,97490475,83220415,90220820
90120288,87270663,98760644,81610834,98760770,86710253,97490453,81610156,97490047,96960409,96600380,97490675,98760072,86710898,86710062,97490968,83220808,98760355,83220275,98760678
96960421,83220777,81610097,90220059,83220727,98760598,96960880,98760480,98760959,87270113,96960822,97490092,87270497,96600750,83220962,90120119,86710047,98760575,98760154,83220621
98760519,81610411,96960178,83220399,96600804,86710536,90220812,90220809,90220703,98760968,97490034,81610871,87270544,90120553,96600638,98760987,86710012,98760445,98760315,97490646
98760423,96600074,96600373,87270705,98760121,83220984,83220801,98760707,87270764,83220200,87270001,98760409,98760065,90120899,96600239,86710045,96960615,98760602,96960396,90220540
81610366,97490067,87270255,96600914,87270595,87270721,90220664,81610147,87270692,83220075,96600691,83220360,83220783,90220379,83220350,90220317,86710399,97490215,90120885,90220165
96600204,98760200,81610248,96600779,90120075,96960478,98760224,97490086,90220561,98760828,90120347,83220744,96600184,90220401,98760278,90220364,97490599,90120342,96600654,86710570
86710877,98760978,96600803,86710067,86710442,96600056,87270310,86710165,96600679,90120274,83220229,98760172,96600334,97490983,90220787,96960196,86710101,87270387,96600192,90220340
96960040,96960762,90220740,87270549,98760251,83220210,86710373,97490105,90120812,90220101,81610159,86710404,83220224,81610962,83220947,86710893,86710251,98760202,96960077,90120555
86710828,98760354,86710117,90120551,96600597,81610027,86710884,96600180,90120753,86710677,97490919,81610361,96960382,81610131,97490911,90220945,96960608,83220022,98760066,96960681
90120628,83220153,86710192,98760448,81610650,90220673,90220482,96600275,98760431,81610244,96960364,87270040,96960738,90220538,96600015,87270033,83220815,87270957,86710215,98760010
98760768,90220717,90120688,90220352,96960500,83220365,86710343,86710866,90220062,87270389,97490948,97490455,90120507,96600711,83220212,96960543,96600906,86710851,97490526,81610378
97490517,98760181,90220276,96960993,81610177,98760549,86710939,83220955,86710723,96600677,87270048,90120258,87270806,96960372,83220281,87270639,81610849,86710330,81610106,90120637
81610787,90120247,81610772,97490119,86710158,86710235,97490668,90220929,98760295,98760539,98760487,98760937,96600094,98760555,90120315,97490711,96600479,83220323,97490757,90120532
86710273,90120113,98760437,87270541,96600889,90120811,98760607,90220328,98760618,90220305,86710438,87270327,96960492,98760085,97490537,96960463,90120552,81610974,98760018,96960870
87270701,83220643,97490090,83220759,86710103,98760180,83220508,87270443,86710772,96600868,98760162,86710637,96960013,83220105,96960437,96960225,90120548,96960701,81610949,96600233
96600741,81610623,81610620,87270155,87270744,81610880,97490520,90120748,90220190,81610855,87270421,96960229,87270740,98760078,98760766,97490831,96960712,87270024,90120761,97490779
90220666,98760734,90220603,83220143,96600266,96600508,97490226,86710387,83220327,81610740,96961000,90220338,87270143,96600384,98760743,86710964,86710716,96600146,83220201,87270509
90120767,87270664,81610516,90220203,96960337,81610038,83220747,96960812,81610877,90120944,96600958,86710614,98760272,96960213,86710286,97490404,97490523,86710665,97490819,87270204
86710174,90120103,83220368,87270473,97490233,96600350,83220704,86710590,96960259,83220258,86710547,90120038,96600556,87270027,90220962,97490712,96960205,83220795,90120977,83220822
87270206,87270313,98760283,87270280,87270466,83220566,83220051,87270643,81610755,96960657,90120473,90120687,96600954,81610168,87270182,98760277,98760309,96960157,98760345,90120713
81610643,90120653,86710175,96960377,86710314,87270820,86710987,90220517,90120306,81610395,81610071,96960964,96600344,96960688,98760915,81610387,96600164,87270370,98760587,86710972
87270065,86710816,87270486,86710310,97490410,97490609,98760486,87270374,96600212,86710793,90220465,81610091,96960708,90120089,87270884,96600890,96600464,96600796,90120311,96960783
97490634,96960506,98760685,90120370,87270539,86710483,96960289,97490685,87270467,97490683,81610300,98760106,98760801,98760967,87270838,83220504,96600139,96960802,86710094,90120401
97490953,97490843,90120504,97490509,96600885,98760410,96600126,81610972,83220401,87270499,83220273,96960587,86710820,96960646,87270875,90220742,81610586,98760040,81610417,83220332
96960623,90120934,96960189,81610434,97490998,86710060,97490077,83220061,87270584,97490390,81610998,81610464,90120267,81610460,87270425,96960087,87270548,87270071,87270121,87270974
96600792,97490234,96960934,96600824,96600604,96600515,83220242,86710532,81610718,96960355,98760128,96960920,87270175,87270620,83220609,98760822,96960172,97490089,96960365,90120655
90220510,98760012,86710520,96600649,97490713,96960503,86710639,98760192,96600704,96600921,83220393,96600254,83220549,96960369,90220378,98760035,96960593,96600913,98760932,86710338
87270080,98760840,98760470,86710904,90220780,83220052,81610968,97490007,83220029,96960905,90120697,90120936,81610815,87270528,90120115,98760092,97490650,81610443,81610795,81610481
98760492,83220755,98760245,81610114,97490622,87270302,90120007,83220895,90220416,97490595,83220012,90120033,86710559,90220009,87270722,90220934,86710578,96600420,81610992,98760506
81610854,96600936,81610743,87270834,86710392,98760641,90120327,83220524,96960010,96960126,90220034,87270601,96600487,81610752,81610709,90220080,90220687,96600874,90220357,81610183
98760848,87270514,81610706,81610267,98760935,81610461,90220434,87270623,90120918,87270679,90220738,97490742,96960106,96600327,86710345,96960901,96960301,98760314,86710572,86710672
90120777,83220612,98760007,96960330,96960703,96960955,86710505,97490756,90120165,96600847,87270782,96600767,97490543,98760074,98760089,86710871,90120070,90220004,90220242,90220181
83220888,83220990,83220557,83220111,96600045,81610087,96960913,86710946,86710556,90220961,97490848,83220405,81610654,83220764,96600940,81610903,90220690,90120155,83220849,90120588
90220091,98760721,90220970,90220684,86710782,96600333,98760047,83220950,97490760,98760485,96960378,97490963,90220935,83220983,87270246,81610220,98760635,98760371,90120839,96960650
83220150,98760615,90220560,97490688,96600693,96960034,87270784,86710298,87270730,90220562,90220467,98760216,81610724,90120772,87270558,83220686,96960351,86710466,86710142,81610524
81610474,86710880,87270982,98760373,90120587,90120269,98760900,90120610,81610716,97490822,90220685,97490337,96600539,98760529,98760389,96960070,87270401,98760222,96600473,96600018
96960671,96600255,90220382,98760462,90120440,81610162,97490863,87270423,97490596,96600931,90220799,87270805,83220064,98760260,90120935,90120917,86710080,90120168,81610909,90220928
97490511,83220587,90120818,87270991,87270526,83220842,90220459,96600345,81610109,97490377,97490673,87270142,97490198,96600923,90120198,87270787,81610088,87270793,96960533,86710362
83220484,97490737,86710658,90120044,83220590,87270336,96960731,90120022,96600414,97490703,97490180,97490852,90120098,98760661,83220844,90120441,97490658,86710737,90220733,86710386
96960907,83220342,87270948,96960115,98760497,96600696,87270886,87270953,87270950,81610254,87270563,96960248,83220215,98760300,98760504,90220337,98760243,86710086,96600925,90120547
96600675,83220135,96600269,86710958,97490195,90220288,96600449,81610050,97490677,83220763,90220969,96960350,83220442,86710565,90120176,97490573,87270718,87270371,90120991,87270112
83220529,90120004,90220718,97490499,81610899,83220479,96600105,90120478,96960273,96600148,98760724,90120480,90120923,87270069,86710712,98760693,97490985,97490212,96960743,90120337
97490354,87270398,81610325,90120328,96600264,96960054,81610073,83220741,90120427,87270972,86710701,90120025,98760186,96600542,90220081,86710652,86710026,97490718,86710670,83220991
98760792,96960131,97490023,81610318,81610458,97490049,90220870,87270362,97490902,83220003,87270810,83220687,98760263,90220399,90120361,96600522,90120533,83220768,90120126,90120715
87270621,96600216,90120071,81610965,87270898,96960232,90220135,87270990,81610912,97490699,98760855,81610744,81610343,90220884,98760557,97490270,87270372,90120998,83220728,83220932
81610993,96960251,81610141,90220563,83220607,86710980,97490062,83220202,87270285,96600169,81610022,86710689,97490920,96960539,90220451,90120736,90120859,81610262,96600683,81610167
81610601,96600768,96600446,90220907,90220942,83220875,97490276,96600162,87270005,87270888,86710488,86710382,90120887,87270597,81610533,83220802,90120189,90220521,90120511,81610232
97490502,98760466,83220146,96960562,97490447,83220944,96600662,87270107,83220732,96600305,96600340,90120172,87270168,87270354,86710318,87270105,86710626,96960865,98760053,83220547
97490647,81610694,86710285,97490355,81610901,98760434,81610358,87270862,90220543,86710252,86710239,90120947,98760606,86710599,97490320,81610673,87270067,97490430,90220951,83220993
86710064,90220890,90220056,96600509,97490122,81610359,87270951,86710953,96960163,81610792,90120867,86710745,83220320,87270811,96600624,83220632,96960257,83220053,96960141,97490728
81610442,96960071,90120488,83220333,86710149,96600536,96600363,87270385,98760701,86710320,83220975,83220724,97490865,97490203,97490625,98760337,90220015,98760513,83220731,81610814
87270965,90220802,87270451,90120080,96600387,90120796,90220786,90220729,96600918,96600790,90120325,90220776,81610858,90120310,86710651,97490553,87270979,83220758,96960536,96960736
96600237,96600285,83220247,81610703,98760394,98760626,90120650,81610235,83220475,96960455,83220611,96960886,86710347,90120623,81610583,90120430,86710430,83220107,90220583,96960016
97490706,96600593,97490552,96960523,90220588,90120913,83220294,90220433,87270768,98760849,98760357,86710441,96960785,87270877,96600933,96600009,96600641,96600802,90220635,86710496
87270916,90120593,83220506,83220271,90120915,83220846,86710099,96960556,98760944,90220487,86710636,96960866,87270716,87270714,83220036,83220806,96960790,90220336,83220917,87270300
81610438,90120382,86710514,87270072,90220424,97490348,96960741,90120540,87270824,96600759,98760269,90120035,97490587,98760248,96600172,87270240,90120794,90220144,81610112,98760901
83220595,83220891,83220389,96960102,83220352,90120313,83220249,98760543,96600678,96600358,90120083,86710332,86710184,98760011,97490949,87270513,90220341,90120407,81610975,97490803
96960979,86710879,81610319,86710937,87270807,96600226,96960796,90220426,90220737,83220968,98760646,86710802,96600071,87270239,97490864,90220727,86710151,81610878,87270189,86710905
90220350,87270127,83220943,86710917,83220453,83220819,90120567,96600154,97490378,96600336,90120309,97490456,96960489,86710983,98760835,87270512,90120208,90120461,97490493,96960761
90220208,96600468,96600618,87270488,96600763,90220369,87270023,97490164,97490643,96960778,96960373,90120946,81610987,81610845,90120516,90120330,81610324,87270221,97490693,81610632
97490441,83220770,96960208,98760185,96960235,83220699,96960845,96600068,81610521,90220204,90120220,97490362,81610086,87270164,96960794,81610953,98760892,96600957,86710087,90120305
81610764,96600287,86710105,96600977,97490245,97490775,86710849,81610007,87270865,97490299,83220709,90220622,97490341,98760775,90220170,97490081,83220839,98760414,96960321,86710403
83220237,83220799,96600861,96960930,83220431,96960532,97490485,81610532,90220236,97490462,96600195,96960440,97490676,97490033,81610103,83220238,98760191,96600530,96960586,98760348
90220763,96600665,83220086,96960976,96600882,96600879,86710646,81610777,90120476,90220520,83220796,81610835,96600944,98760461,98760778,98760261,87270550,86710048,96600896,98760014
81610937,96960825,96960260,98760883,90220536,98760088,86710211,96600560,86710664,98760805,96600616,96600736,96600433,97490778,83220158,98760670,96960401,90120082,83220937,90120599
97490617,98760656,87270608,90120303,81610765,86710465,83220018,98760591,96600835,90120321,96600569,90220149,87270234,96600640,90120694,87270243,96960305,83220197,83220845,86710777
96960876,83220276,86710963,81610616,83220343,87270319,81610659,96960354,98760050,96600829,86710170,86710243,96960771,90120068,98760698,96600394,87270103,96600851,98760578,96600357
97490656,86710108,96600772,96960758,86710316,90120974,83220277,98760674,83220619,86710895,97490787,98760588,81610889,97490932,97490903,90220888,97490305,96600029,86710178,90220557
83220610,96960755,86710647,96600670,90120679,87270277,90120962,98760594,97490832,90220747,90120692,90220554,96600451,83220345,87270043,87270257,90120726,96600503,86710159,83220539
96960476,81610185,87270109,83220353,96960954,96960884,96600495,97490868,90220218,81610842,83220877,87270092,96600052,98760757,86710363,96960270,90220638,90220620,98760460,96960764
97490204,96600288,81610397,96600359,98760643,81610534,87270850,86710654,87270812,98760563,98760498,90220327,97490313,81610507,90120213,90120576,90120810,83220563,96960101,90220072
97490751,83220569,96600546,86710397,90220186,86710203,96600945,83220100,87270084,98760173,98760889,81610714,97490907,81610449,90220865,83220746,96600122,83220893,90220312,96600375
96960091,87270147,97490796,90220983,86710328,83220513,83220262,96600471,96960745,97490527,83220316,86710370,96600603,98760773,96960198,81610579,96600050,86710445,87270294,81610425
81610809,87270685,90220213,83220519,96960007,83220287,83220745,90120560,90120989,98760972,90120051,83220933,98760579,98760852,83220767,86710867,83220473,87270363,83220192,87270589
86710515,98760427,90220542,96960829,90220875,90120883,90120134,83220697,81610612,90220163,87270915,86710289,81610145,87270124,83220422,98760328,81610528,97490298,90220490,83220970
90120888,83220221,96960336,87270367,81610715,86710288,96600170,81610399,98760155,96600516,96960923,96600243,98760962,87270006,90220122,98760253,90220789,87270410,87270229,86710742
90120828,81610919,83220798,98760845,81610435,90220164,86710471,83220757,86710110,98760246,90120239,90120253,98760398,83220628,81610876,90120055,97490054,90220619,98760475,96960411
86710872,86710974,90120862,90220706,90220990,90120795,83220314,87270359,83220825,97490424,83220265,87270903,97490897,90120821,83220430,87270770,97490207,90120041,81610283,87270235
83220474,86710495,90120472,97490978,90120040,90120568,83220700,96600218,83220494,81610067,90220895,96600486,81610501,98760136,81610127,96600391,98760308,96600326,90220997,83220503
90120229,90120664,86710121,83220199,90120832,81610577,90120107,81610766,96600121,98760366,87270198,87270452,96960612,90120590,96600461,87270207,90220403,87270924,90220974,87270577
90120396,87270522,98760287,90220114,98760139,98760062,98760075,87270907,96600626,98760152,97490411,98760516,86710738,98760663,98760777,90220807,86710205,96960497,98760599,83220324
96960611,96960328,96960032,81610370,96960132,96960619,81610735,98760747,96600927,90120362,81610773,96600258,96600437,98760897,97490322,97490387,90120984,90220550,96960863,90220162
97490580,87270803,96600279,86710415,81610932,90120780,97490780,90220998,97490160,81610261,96600319,90220325,87270022,83220032,96960690,87270618,86710607,81610488,87270052,90220486
96960856,83220526,86710079,98760233,90120638,97490939,87270021,90120061,96960997,97490727,97490562,96600570,81610796,96600562,81610711,98760908,81610566,97490448,96960139,97490438
83220039,87270610,83220920,83220851,81610966,90120696,86710502,90220016,96960759,98760681,87270050,96960044,87270996,96600186,83220385,97490661,90120003,90120505,96960123,90120721
98760407,83220934,90220491,98760264,87270726,98760744,98760478,97490923,96600928,96600301,96960874,97490291,87270190,96960571,86710146,96960473,87270525,87270403,90220115,96960474
90120244,90120491,98760885,81610847,98760879,90220816,90120246,96600826,87270244,83220684,90220351,83220936,87270579,98760564,97490994,96960727,90120674,87270210,90220258,83220853
97490157,81610240,83220898,83220480,81610211,97490208,87270498,96960950,87270642,96960800,81610721,96600842,97490442,90220156,90120432,90120651,90120708,97490051,86710612,86710722
87270287,87270465,86710577,90220791,81610756,96960490,96600907,96960520,90220598,96600506,97490794,86710369,97490182,90220020,96600040,81610570,98760032,81610948,97490802,90120620
81610995,87270992,96960899,83220971,87270141,90220539,81610204,98760006,86710500,90120730,96600672,87270134,98760893,96960202,83220640,90120378,81610196,90220775,83220571,86710657
97490789,87270227,87270921,81610749,96600544,83220527,96600844,97490594,83220227,81610234,81610339,96600469,86710739,97490869,97490889,96960298,97490633,90120776,90220169,83220548
90220849,97490425,86710797,83220522,81610853,96960941,97490433,97490915,96960836,90220825,97490855,90220454,90220267,90120077,96960059,86710604,87270839,90220282,97490069,97490093
90220241,87270308,81610282,90220868,97490068,86710925,83220736,83220437,81610802,97490223,86710681,97490805,96600805,90120896,90220303,86710233,97490503,86710811,87270436,90120941
96600612,87270264,86710464,83220010,96960250,98760109,90220125,83220205,83220120,90220359,81610161,86710300,97490841,98760009,86710287,83220318,81610133,87270137,96960929,96600330
90120455,90220782,83220349,86710054,97490891,87270297,87270612,96600206,81610908,90120350,90220818,90220600,96600524,86710684,86710284,90120458,96600213,86710152,90120604,87270900
86710588,90220522,98760617,83220241,90220604,90220756,86710814,87270625,98760800,98760254,81610327,87270350,98760603,90220960,97490383,86710560,90220754,81610357,90220017,90120217
98760441,90120656,98760453,98760149,86710622,96960558,98760854,96960042,96600405,81610304,87270852,96960109,96600521,86710921,81610556,86710728,98760605,90120802,90120024,96960584
90120417,83220419,90220996,98760771,90120706,81610617,96960667,83220787,90120272,96960728,87270918,98760059,90120225,98760793,90120372,87270341,90220002,90120889,96600971,83220830
96600613,86710780,83220147,98760597,90220815,96600587,87270749,86710815,96960244,90220373,97490243,96600377,83220958,98760421,87270384,96600735,86710824,96960191,86710290,90220086
90220167,90120188,96600383,90120530,90120376,81610952,90120724,90220058,96600089,90120790,96600431,90220202,97490371,90120200,86710878,97490516,90120256,81610624,96600007,83220094
90120762,90220774,98760550,87270540,97490301,81610008,96960702,97490421,96600935,90120195,90120960,81610710,83220461,83220666,96600002,90120088,81610328,81610560,96960457,90120336
86710992,90220096,86710799,96600224,96600507,97490293,98760560,90220100,81610686,87270634,87270322,83220884,87270756,96600291,90220130,96960162,83220173,98760198,96960912,81610895
96600390,96600983,97490593,87270176,96600041,96600043,81610651,96600658,90220226,90120171,97490174,97490296,83220083,83220279,83220811,97490578,81610160,83220358,86710297,86710673
87270920,97490695,96960831,87270366,90120286,90120381,98760273,90120743,90120108,90220568,96960116,83220172,86710169,90220333,83220409,87270020,90120646,87270927,86710832,90120285
98760796,97490505,81610082,90220831,98760680,97490979,87270703,90120875,96600682,90120840,83220252,96960033,90120509,83220540,87270861,96960482,87270859,86710537,90120890,96600700
86710372,81610373,96600051,97490219,81610217,83220556,81610957,98760197,98760767,83220073,97490379,81610819,87270011,96600329,87270368,90120137,81610615,90220097,87270185,81610331
90120558,98760918,87270881,86710666,97490746,97490710,86710616,97490307,83220750,98760256,86710625,81610967,96600396,90220393,96600816,81610226,97490628,96600655,90220796,87270307
98760787,96960179,83220465,98760196,98760536,97490397,81610640,98760958,90220999,90220123,90120699,87270016,83220577,98760624,90120806,96600712,97490057,81610565,90220461,96600134
83220380,90220581,90220431,98760242,81610793,96600427,98760167,90120154,90220965,90120754,87270335,97490300,98760719,96600946,96960086,86710057,90220201,98760099,87270902,86710225
90220668,90220916,98760662,81610943,86710978,96960521,90220757,81610930,83220166,90120446,90220839,87270413,90120486,90220047,96960633,86710685,96600635,96600228,97490982,98760429
90220848,81610661,86710342,86710409,97490987,90120403,96600112,83220855,96960949,96960110,87270496,97490704,90220188,90120589,81610294,83220486,81610914,81610603,90220440,96960645
98760473,81610882,83220184,86710331,96960530,86710470,90220885,96600836,81610468,96600776,96600044,87270415,98760577,90220050,97490797,90120400,86710164,90220185,97490022,87270479
83220518,81610275,98760620,81610506,86710107,90220704,87270988,87270148,97490271,97490928,90220912,90120360,83220591,96960621,97490288,81610368,97490363,86710210,90120307,90120377
81610486,81610044,86710475,90120930,98760948,86710678,81610380,83220886,96960922,96600646,87270047,96960848,90220728,96600354,81610913,83220326,96960992,97490099,96600692,97490550
90120622,96600489,86710116,90220663,96600857,96960041,98760861,86710935,86710694,96960961,90220255,90220626,98760727,81610900,87270268,90120645,98760344,98760329,98760082,83220701
87270760,96600967,86710250,81610892,96600208,98760350,86710517,86710180,97490906,90120536,81610031,97490321,96600809,83220347,87270217,96960475,90120109,83220338,90220696,86710479
97490435,87270405,97490875,90120683,81610369,81610671,98760679,83220660,96960654,90220745,87270054,81610346,83220096,87270796,90120399,83220683,96960925,86710803,90220566,87270795
87270270,86710976,83220263,97490260,96600220,98760815,86710059,90120021,96960470,96600150,96600947,97490709,86710090,83220204,81610622,87270646,96600551,83220502,97490763,90120117
83220129,96600617,83220828,96960111,97490418,87270867,81610212,96600827,90120916,96600888,96600324,90220131,90120141,87270678,96600681,87270101,83220070,81610595,87270561,96600274
98760713,96960467,81610048,98760301,86710383,96960631,98760214,90220858,81610996,90220817,97490050,86710705,90120676,81610647,96600513,83220805,98760942,90220223,87270666,81610791
97490205,86710240,83220468,90220627,96600760,97490436,97490181,97490373,90220611,81610024,83220654,97490641,98760511,90120335,97490096,97490793,90220993,90220142,97490798,90120797
86710640,81610590,81610977,86710771,97490431,83220545,90120308,97490896,96600520,96960211,86710183,90120345,97490241,86710400,98760964,86710478,86710230,86710791,98760306,81610463
97490649,86710022,96600323,97490016,83220538,83220490,81610820,90220147,96600249,96960152,98760452,96960466,97490559,87270697,97490754,97490217,96600353,86710649,86710497,90220625
90220216,96960689,96600030,90120681,90120861,90120788,90220658,98760501,98760826,98760788,86710125,87270788,96600412,83220948,87270932,97490768,81610469,96960578,81610864,81610429
97490931,96600961,87270987,87270596,86710329,90120711,87270098,96960542,97490111,96600608,96960872,98760160,90220049,96600348,87270984,98760684,86710197,81610096,97490686,90220464
83220911,87270735,97490637,81610035,86710936,90220145,97490715,97490766,86710486,86710458,90220129,86710133,86710299,90120841,98760609,83220261,90120809,97490815,81610856,96600081
87270346,96600739,86710579,98760073,97490624,90120146,90120233,96600141,96960641,86710143,96600223,83220966,97490851,98760474,87270946,81610526,96960535,81610060,81610089,97490812
81610680,96960550,81610028,96600755,86710267,87270133,90120728,97490142,90120900,96600450,81610872,90120881,87270125,87270422,87270194,97490253,98760925,86710922,86710990,96960015
81610580,86710401,86710113,87270426,90220674,81610537,87270303,96960968,87270780,83220897,90120433,96600937,96960634,87270619,87270631,83220843,86710808,81610310,87270096,96960704
81610139,98760240,81610708,98760103,98760886,81610746,86710768,96960560,97490194,96960524,98761000,98760884,97490306,97490621,96960960,96600393,81610351,86710189,86710753,90120470
87270435,96960625,96600331,83220592,96600037,83220894,83220868,86710264,96600806,90120404,87270645,90220605,87270381,97490126,98760129,87270060,96600276,81610452,98760044,86710795
90220768,96600417,83220559,98760585,96600619,96960385,83220578,96960039,83220288,96960068,98760380,86710480,81610497,86710153,86710377,86710521,81610105,83220460,97490893,90220741
98760955,83220879,83220827,96960286,86710624,86710608,86710082,96600825,96600429,97490879,98760313,87270582,97490810,98760786,81610785,98760608,87270169,83220713,86710055,98760862
83220485,90220090,83220056,83220392,83220188,81610593,96600022,81610600,87270129,97490040,97490468,81610454,90220576,90120964,81610130,87270205,83220156,96960575,86710891,98760989
96600168,96600151,97490563,96600386,90220924,96960843,96600564,97490369,96600236,90120482,90220900,90120065,90120224,86710301,90220937,97490423,83220297,81610066,98760917,98760668
96600671,81610989,81610790,96960609,96600548,86710394,96600652,90120110,86710455,81610055,96960572,96960882,86710810,83220434,97490873,90120493,86710324,96960036,81610152,87270535
97490297,96600724,96960965,90220644,90120011,90220609,81610104,96960687,96600974,87270399,96960959,81610389,86710014,96960066,87270837,98760428,90120815,96600680,81610812,90220872
90220511,97490365,81610994,98760508,98760125,97490941,86710787,86710663,87270954,97490155,96600253,83220582,87270437,97490470,98760659,81610330,97490616,90120158,90220494,96960931
87270997,96960299,96600119,97490801,96600595,81610670,87270269,90120575,90220504,97490927,96600631,86710606,98760323,96600413,90220326,90120550,90220396,96960647,98760289,83220565
96960320,97490960,83220477,90120167,96600687,90220443,81610782,81610564,83220586,81610946,90220093,96960468,83220919,90220430,96600085,96960357,90220905,96960984,98760878,90120173
87270492,97490984,98760318,97490895,86710911,90120463,97490043,83220102,96600579,98760276,90120542,90220721,97490254,86710735,87270614,97490224,96600621,87270617,81610511,97490833
96960869,90220726,98760704,87270116,81610065,90120634,81610408,90120333,86710391,86710003,96960187,87270741,98760812,83220027,86710861,90120152,96600178,81610781,96600343,86710467
86710890,86710568,98760866,86710533,96600550,81610672,87270035,96600311,96600966,81610229,98760255,81610110,83220923,87270814,90120857,87270251,97490882,87270899,83220407,81610102
96960220,90220468,81610473,90220592,86710218,86710691,81610171,86710335,86710447,98760951,87270725,90220412,81610210,87270012,81610415,97490725,83220596,86710682,90220375,96600435
81610034,97490781,87270183,83220285,90220897,83220331,96600001,98760123,83220130,86710485,83220711,96960821,86710340,86710549,96960693,83220264,90120428,87270665,83220435,97490331
83220927,81610804,83220446,96960311,97490281,97490862,96600360,97490666,86710428,83220269,96960454,96600819,86710015,96960519,98760005,97490555,96600738,97490821,96960303,90120716
98760982,96960413,96600247,98760190,96960338,96600026,87270323,90220335,98760971,87270154,90120216,90120116,90220645,90120853,81610776,81610745,98760809,98760142,98760280,98760997
90220418,97490454,90220513,90120299,90220908,96960448,87270474,86710597,90120515,87270254,90120389,90220836,90220388,81610436,86710951,90220519,98760265,86710283,83220910,86710724
90220099,96600470,96960084,96960037,87270344,86710699,90120606,96600474,90220077,87270146,97490623,90120449,97490549,90120179,98760523,87270833,86710729,90120926,90120501,83220995
86710770,96960999,83220790,90220476,81610451,83220206,96600424,96600584,90220544,97490328,90120230,98760652,87270081,96600780,96960928,98760552,87270128,86710576,83220723,98760413
96960281,90220716,96600190,87270868,96600244,96960763,90120006,90120733,81610696,87270635,96600828,90220192,83220667,90120448,81610704,90220995,90220769,90120283,90220795,90220057
90120735,83220507,97490325,96960789,86710586,96600751,81610549,90120940,81610961,90220959,98760420,83220562,96600341,98760459,97490719,96600246,98760024,96600460,90220813,96600568
90120803,98760330,98760673,86710806,81610687,96600152,98760524,96600953,98760975,87270960,96960483,90120614,90120290,87270516,83220046,81610100,97490186,98760378,86710461,98760545
81610813,96960508,98760632,86710468,83220267,96600201,97490585,97490088,97490416,90120460,86710384,90220702,96960544,98760187,96960138,97490346,96960006,90120259,83220629,97490137
81610771,90120789,96600911,90220610,97490153,81610348,96600067,97490170,81610978,96960080,83220174,81610472,86710825,97490881,98760376,86710104,90220197,86710617,86710786,90220731
87270538,81610490,86710349,97490250,97490672,86710058,96600645,97490261,87270542,98760537,96960230,97490969,81610666,87270536,90220493,97490586,87270973,96960957,98760561,86710307
81610445,90120948,90120833,81610592,97490112,87270683,90220173,81610046,86710628,98760946,90220429,90220408,90120416,87270864,97490567,83220603,96600984,83220325,83220576,98760888
87270739,86710668,87270290,98760003,98760807,98760616,83220117,98760520,87270901,98760043,97490644,81610202,81610875,96600749,83220140,90220256,87270097,90120594,90220709,96600481
97490847,86710854,90120884,96960564,86710009,81610315,90120785,87270216,83220059,90120512,81610084,97490894,81610608,96960723,96600271,90120873,96960531,98760590,97490405,98760690
83220321,83220339,90220977,90120123,96600241,81610428,97490872,87270061,96960234,87270827,81610780,98760021,96960231,90220879,83220598,96960486,90120824,96600598,97490558,98760217
96960990,96960465,96960919,81610720,90120228,98760540,86710822,98760898,98760961,97490694,87270929,81610979,96960981,96960127,86710894,98760930,90120520,98760558,98760636,96960670
81610857,90120292,83220618,98760370,87270009,86710656,97490417,96960135,87270014,97490403,87270846,83220635,97490966,90220310,90220183,87270588,86710053,97490901,97490645,81610032
86710214,83220530,86710257,81610203,90220616,96960784,81610644,83220561,90120981,90120280,96960663,86710896,83220125,96960678,90220551,97490788,86710256,97490481,96960056,96960910
97490232,98760629,81610363,81610271,81610627,87270845,81610388,90120723,90120572,96600910,81610893,96960583,83220165,96960236,86710398,86710089,96960222,90120363,96600477,81610754
90220124,86710469,90120521,86710522,87270757,81610808,97490603,87270507,87270281,81610759,86710033,86710991,96960374,96960597,81610072,97490006,96960302,96600005,97490964,97490357
87270733,90220304,86710032,90220773,87270677,81610543,83220656,83220312,86710541,98760449,83220099,97490238,83220211,97490267,86710448,86710667,90220567,87270271,90220930,96960074
90120221,83220918,83220216,81610250,96600142,83220047,96600392,98760036,90120591,81610770,96960113,90120869,96600188,86710209,87270641,90220270,96960407,86710076,98760625,90220018
81610602,97490222,87270613,96600625,83220445,90220654,81610329,97490124,96960347,90120641,96960130,98760304,90120508,87270170,98760610,96600821,83220171,96960799,96600534,96600088
96600807,83220707,96600830,87270607,96960596,96960154,90220463,86710126,83220304,81610382,81610683,86710703,96600817,86710659,98760336,83220505,96600531,90120598,97490532,81610302
81610286,97490853,96960408,96600174,83220636,90120925,98760395,86710004,81610178,97490434,87270748,86711000,96600667,97490187,81610492,86710618,90220438,90120685,83220467,90120663
83220987,90220157,97490792,96960459,90120104,90120293,97490141,98760424,90220038,83220630,96600866,96600444,87270766,97490146,96960417,81610726,83220144,90220205,96960405,97490856
90120874,96960980,90120162,96960792,97490566,83220945,90220692,96960595,96960691,90120149,87270470,97490258,83220024,83220546,83220597,87270063,87270531,97490513,83220060,87270444
90220329,90220712,97490309,86710817,86710856,83220208,96600502,96960627,86710037,90220217,86710756,83220109,81610594,96600415,87270392,86710191,96960808,81610801,97490225,96600227
87270851,90220984,87270804,83220483,98760026,90220023,98760648,96960766,81610017,81610391,96600185,96960379,97490213,90220851,90220785,98760902,98760415,96960121,96600281,97490536
87270779,90120924,81610625,83220761,90120177,87270928,90120131,90220387,98760776,90220672,90220152,87270158,81610376,96600462,87270967,83220605,86710433,83220138,83220395,96960021
86710555,90120445,96600133,98760392,96600259,97490701,97490601,90120595,90220862,87270817,83220443,81610525,81610462,98760553,98760302,83220625,86710339,86710091,90120034,96600314
81610137,97490681,81611000,81610174,90120477,83220254,86710282,97490859,90120214,98760847,90220883,96960546,96600777,96960359,97490406,90120072,90220252,90220856,96600057,98760535
81610061,90220677,83220821,87270647,83220361,90220161,96960569,98760665,87270653,87270855,86710484,83220810,86710201,97490311,98760052,90220239,90120848,83220366,98760468,81610552
96600031,90220199,98760212,81610155,86710535,83220072,90220261,81610037,86710085,96600382,87270504,87270394,87270174,90120273,83220425,87270199,90220512,96960362,87270933,96960879
96600457,90120597,96960559,81610862,90120319,97490515,90220892,96960661,86710620,97490275,98760210,86710846,90220480,96960725,98760876,96960173,96600128,96960099,90120237,96960850
87270832,81610676,90220946,98760405,97490079,83220953,96960765,86710747,81610990,90220595,97490029,97490519,98760922,87270971,81610609,81610539,96600959,87270085,86710662,81610200
81610582,90120921,83220038,90220302,96600676,90220128,96600364,90220574,83220772,90120648,90120705,86710411,86710513,83220696,96600302,96600117,90220601,87270524,98760159,90120612
98760444,96960513,81610727,97490374,90220755,81610297,83220878,83220220,90220613,87270651,96600103,90220193,87270138,86710839,87270122,83220268,86710960,96600292,97490913,81610884
86710432,87270574,90220148,98760381,90120192,96960424,86710932,87270469,96960315,96960050,90220661,90120607,96600261,83220298,86710367,90120502,90120284,98760491,98760086,90120755
81610190,87270637,87270140,90120758,81610674,90120782,83220291,86710528,81610385,86710551,90120053,96960176,83220142,98760593,98760808,83220883,97490545,90120882,87270484,90120048
98760970,97490483,96600114,90220639,90220044,98760038,81610518,87270738,86710268,90220182,96600607,81610544,97490030,97490018,87270871,97490024,90220559,96600175,90220805,83220809
81610341,87270847,83220062,90120844,86710069,98760368,96600395,83220356,90220385,96960909,83220423,90120164,90220306,96960488,81610383,98760576,86710052,86710457,83220278,81610836
97490192,90120095,83220867,83220720,96600309,97490736,98760834,86710833,98760013,86710721,96600167,90220055,97490726,97490943,83220013,87270532,86710783,97490479,90220036,96600980
96600718,90220871,98760399,90120358,87270975,87270448,81610591,83220219,96960353,90220120,90120768,96960192,90120140,90120450,83220301,87270555,90120817,83220079,86710269,90220793
83220248,87270186,86710749,96600099,90120056,96600480,96960188,97490342,86710177,98760422,87270675,96600115,87270202,90120368,97490582,98760098,81610042,90120996,97490370,87270686
96960911,86710173,90120584,86710138,87270379,96600891,96600447,96960434,87270266,90220471,96600668,90220371,81610775,90120905,97490392,87270742,83220378,81610869,86710633,90120157
96600854,97490866,96600602,83220832,83220904,90120537,90120186,98760717,96600841,98760218,98760988,97490597,96600794,90120961,90220402,86710886,86710827,96600965,98760176,86710019
81610396,87270551,98760514,87270732,83220899,96600401,81610432,90220792,97490814,90120163,87270049,81610873,90120866,81610313,81610345,90120028,90120312,90220177,98760271,83220573
83220122,83220876,96600165,98760556,87270197,86710106,96600371,86710371,81610685,90120665,90220810,81610679,87270295,98760147,96600877,86710876,87270947,96960859,81610001,98760020
86710498,81610085,87270195,97490689,86710968,90120036,83220553,90220670,90120573,90120497,90120937,96960477,86710182,90220013,98760213,96960436,83220535,87270237,98760689,87270616
98760150,90220744,86710966,90120418,86710244,83220037,96600673,90120770,98760068,98760649,81610191,97490581,90220198,97490690,83220679,83220250,90220297,90120039,90220249,97490420
90220479,96600171,81610689,86710190,97490782,90220971,83220132,96960501,81610707,96600924,96600303,90120710,96960447,96960803,98760291,81610794,98760387,97490308,96600865,96960412
98760294,87270433,90120143,96600039,90120100,86710796,86710714,81610125,81610959,96600900,96960946,90120296,81610684,81610181,90120842,96960705,97490113,90120367,98760941,86710462
96960996,83220375,90220274,83220270,86710812,97490722,96960516,96960022,86710083,86710035,90120816,87270238,83220785,83220397,86710487,96960185,97490154,81610299,97490066,98760943
90220914,97490790,98760640,97490310,96960294,86710919,97490524,90220028,86710207,81610230,90220195,87270407,97490991,83220941,90220117,96600376,81610669,97490630,90120375,86710385
96600811,98760362,86710308,86710516,96600742,83220509,81610719,86710736,86710157,90220219,90120037,98760268,98760015,96960664,83220042,90220271,86710844,90220251,86710262,83220364
90120963,83220725,87270446,96600240,96600290,83220044,96960610,90220419,83220501,81610291,87270905,81610874,86710421,96960284,96960324,96600650,87270347,98760061,86710531,83220617
90120398,90220830,90120773,86710109,90220498,96960861,90120836,86710718,81610911,87270162,97490344,81610274,96600352,90120801,90220724,98760810,87270184,96600372,87270970,90220682
96960237,87270188,96960090,97490999,98760178,81610404,90120545,83220115,98760342,86710122,98760228,96600440,97490014,98760352,96960395,83220121,97490940,96600347,90120879,81610867
87270547,83220887,96960525,90120182,90220222,90220269,90120559,96600452,96600131,96960494,81610918,96960319,87270501,90220234,90120194,90220939,83220091,96600482,86710587,86710136
97490551,96960846,97490230,90120245,81610023,81610529,98760634,98760979,81610778,90220587,90120454,97490386,90120106,83220383,97490176,96960274,90120042,96600235,90220902,90220253
96600694,96960648,97490045,98760712,96960775,86710923,86710845,87270661,87270172,96600710,90120353,96960813,83220112,97490755,97490762,97490102,87270010,96600734,96600746,97490151
96960943,87270657,87270656,97490027,86710571,90220427,96960515,86710726,90220794,97490839,90120374,97490811,98760827,97490925,90220102,96960724,98760521,90220298,83220620,81610081
81610398,97490352,96600949,98760730,96960344,86710630,81610390,81610252,86710265,96960851,87270463,90220845,81610906,98760091,87270858,97490145,96600378,81610663,90220615,90220370
96600511,87270017,90120975,97490799,86710954,97490944,83220005,87270003,96600623,90220541,90220941,97490974,96960554,96600272,90221000,96960323,96600493,98760542,83220722,83220738
81610599,98760107,81610542,86710593,97490349,98760375,96960200,90220184,90220119,98760168,86710769,83220734,97490123,98760292,90220435,90220052,81610915,96600839,86710819,87270478
96960966,97490323,97490729,98760087,96600157,90120181,97490087,90120496,83220161,96960375,96600499,97490385,96600500,90120412,90220629,90120466,96600754,83220272,97490032,86710653
83220466,83220388,90120411,90220040,90220348,81610572,81610206,86710029,96600968,97490917,90220840,96600472,90120064,96960075,98760921,90120426,97490338,96960318,87270355,90120145
97490988,96960388,81610360,97490312,90120314,90220986,98760118,97490190,90220422,81610352,97490058,90120204,87270030,86710715,96600997,83220977,83220308,81610970,96600938,86710892
87270149,90220545,87270178,96960079,90220250,96960271,83220942,81610245,97490106,90120344,98760838,96600144,98760867,96960653,96960279,96600982,96600231,96600695,87270808,97490196
98760633,83220049,96960975,96960423,81610243,90220103,98760048,83220433,96960104,97490429,96960772,96960392,83220311,90120872,87270628,90120636,96600880,96960228,97490992,87270961
83220624,97490934,90120852,81610551,83220058,86710137,81610350,96600929,86710529,96960153,86710030,98760317,87270977,90120752,86710405,83220118,86710732,87270429,96960652,97490110
90220497,98760493,86710779,83220031,86710006,96600729,97490367,83220007,97490036,96600273,98760363,96960083,87270286,96600876,96960967,86710374,90120494,81610843,98760572,81610896
87270236,83220236,90220822,98760803,87270102,96600775,81610839,81610697,98760992,96600543,81610883,83220531,90120489,96600082,81610585,83220766,96960864,90120020,90220579,87270117
90220470,87270942,87270999,83220340,97490340,83220187,83220089,96960168,90220926,98760676,81610621,87270036,86710915,96600850,96960885,90120060,90120094,90220360,81610757,96960341
90220392,87270724,96960117,97490364,90220861,90120712,90220933,81610344,96600702,97490330,98760211,90220762,98760270,90120529,90220346,87270931,86710018,96960017,87270055,90120967
96600731,81610049,96600606,83220717,97490930,97490598,87270765,90120054,90120718,83220055,83220239,98760974,83220674,90220078,90220700,86710690,87270077,81610129,90120215,87270790
87270691,96960295,81610153,97490148,96600442,96960291,97490172,90220196,96960045,90120557,96600260,96600020,83220840,83220376,87270778,81610002,90220473,83220826,90220263,98760285
90220963,96600716,98760859,90120391,90120894,83220021,81610165,96600337,90220171,96960283,98760051,90220362,98760157,98760990,90220456,98760890,98760383,90220565,96600120,87270600
96600368,86710402,90120352,97490252,98760870,98760215,96600385,90220910,96600567,97490128,83220889,96960314,86710147,86710408,87270781,87270573,98760569,83220372,86710001,87270650
86710148,90220665,86710821,96960548,87270166,98760391,87270218,87270958,96600494,96960103,81610505,81610699,96600280,86710081,96600812,96960136,90220652,98760193,83221000,97490926
86710790,96960118,96960028,97490698,81610894,97490121,90220783,96600179,97490059,96600989,90220472,97490400,90220714,96600701,81610656,81610278,86710040,96600293,86710696,86710503
96960607,90120527,81610822,81610800,90120203,98760881,96960441,90120847,98760817,81610169,96960838,90120787,87270700,96960471,87270565,90220068,81610188,86710508,83220207,96600541
90120421,96600781,98760522,83220162,87270874,83220432,83220726,98760258,81610527,86710841,90120413,96600510,96960857,83220139,90220530,96600075,90120243,90220154,96960381,86710199
83220408,90120234,81610747,96600856,96960184,98760769,81610705,81610014,86710998,96600943,97490218,90220730,81610664,90120201,83220550,98760604,90220441,96960439,81610467,83220098
98760386,98760950,83220881,81610991,81610988,86710548,98760443,83220124,96600316,90120581,83220831,90120769,98760907,90120690,98760819,98760896,90120424,97490990,98760199,97490183
90220428,97490473,90220633,98760325,87270672,90120561,87270232,83220982,98760596,83220797,87270293,87270053,86710818,96600059,97490056,97490791,97490289,96600004,87270135,81610921
90120076,90120323,96600571,96960264,98760117,83220134,98760614,96960649,90220290,90220321,97490161,87270853,83220283,87270913,83220907,86710989,96960871,83220163,83220776,96600840
81610471,96600553,90120565,86710361,86710924,96600361,96600256,96960801,87270342,96600070,98760494,98760170,86710573,90120644,96600837,81610365,90220507,81610384,90220116,97490837
96960093,98760203,87270777,86710942,83220164,97490282,86710540,86710758,90220073,81610444,90220279,97490221,96600832,90220508,86710020,96600406,86710051,90120298,87270334,83220823
90220882,96600586,97490739,97490464,87270505,98760664,96960549,81610237,96600320,98760706,90220804,90220683,81610702,83220004,81610619,97490908,87270774,86710042,90120827,96600930
83220246,98760580,90120670,87270495,87270684,90220158,96600277,90220886,83220730,81610140,87270090,96960747,90120414,83220076,81610026,96960948,90220026,98760488,96600434,83220602
96600403,87270869,86710463,90120800,87270776,90220940,81610763,87270458,81610018,81610865,98760696,90120263,97490750,83220462,83220661,90220637,96600789,83220429,97490129,87270503
96600349,96600886,87270669,83220946,86710798,90120320,96600993,83220131,83220594,87270091,96960601,98760205,81610465,83220043,87270248,86710950,96960384,98760912,83220371,96600664
90220043,86710945,90120147,96600709,96600078,87270609,90220455,96960817,96960293,96960904,96600727,83220989,86710213,90120720,97490063,86710446,86710740,97490020,86710277,98760230
86710494,87270418,90220074,96960768,96600901,90120130,83220979,96960064,96600867,83220733,81610005,98760655,96960806,98760400,86710781,90220876,81610931,81610648,96960972,90120554
83220412,97490177,96960658,96600492,97490114,87270556,96960952,90220681,98760238,87270025,90220739,90220227,83220788,90220069,96960277,96960055,87270028,90220695,96600572,90220415
81610933,90220606,86710359,96600023,96960665,86710100,87270275,96960368,90120945,96960428,90220383,90220506,96960415,86710697,97490765,90120546,97490082,87270919,96960915,81610512
81610484,96960638,86710842,96600934,98760281,98760833,97490419,87270658,86710198,86710304,86710410,96960873,83220703,90120781,96960938,90220919,86710419,96600064,90220857,98760839
81610571,87270430,90120275,90120932,81610494,83220773,87270042,87270821,98760347,90120858,87270952,90220938,96600995,86710655,97490890,86710489,81610826,83220293,86710776,96960567
98760102,97490613,90220172,81610293,81610837,83220299,87270695,87270378,86710629,98760450,81610134,97490967,83220078,97490251,86710550,83220080,83220014,96600210,86710594,86710429
81610069,83220374,96600615,97490143,90120282,96600589,83220940,90220584,90220686,86710112,83220313,90220060,97490408,87270046,98760425,83220865,81610307,96960767,90120603,97490394
97490048,96600422,81610731,90220045,90120956,96960947,97490671,87270978,96600012,97490384,87270638,87270840,87270583,97490220,86710074,96960852,81610457,96600304,96960847,90220582
86710238,87270562,86710596,81610092,96600463,98760320,96960238,90220084,90220800,98760957,97490286,96600048,81610652,86710311,87270759,87270702,98760675,86710481,98760321,98760705
83220411,87270449,90220881,81610870,96600590,96960614,96960744,96600173,90120295,83220382,90120467,87270214,96960735,83220866,81610523,81610265,96600863,86710115,81610758,86710648
96600808,96960854,96960613,96960823,86710245,81610207,81610496,90120738,96600956,87270352,97490936,97490734,90120420,90120291,87270222,90220287,81610025,86710224,97490414,90120206
98760442,87270249,96600428,83220874,96960540,90220107,97490353,97490759,83220649,97490809,98760326,83220319,86710254,98760310,96960078,90220725,81610866,96600761,90120410,86710838
90120210,83220148,87270708,86710863,90120701,87270711,97490209,96960004,98760589,86710609,90120422,96600187,96600745,87270809,98760054,96960081,81610117,87270930,90220889,90120241
90120514,97490262,87270034,97490242,97490514,81610241,98760249,90120747,96600972,97490109,96960942,97490356,83220833,96960288,98760119,83220804,83220931,96600919,86710034,81610437
90220903,86710882,96960756,87270914,98760934,98760499,98760936,96600149,90120851,81610807,96600108,90220349,90220307,98760857,98760426,90220648,86710826,90220891,81610349,81610447
98760384,96600979,96600853,96960811,90120831,97490834,81610485,90220477,81610629,83220328,98760406,90220841,96600893,90120749,87270998,86710534,86710056,97490849,97490539,83220606
87270632,83220071,86710381,87270241,83220458,86710305,90220453,81610273,90120499,96600465,86710687,87270459,90220407,81610309,97490156,96600766,98760206,96960206,96960893,90120409
83220748,97490817,97490061,98760182,97490171,81610986,98760541,98760703,97490510,98760241,98760457,90120722,98760682,97490489,96960819,81610205,90220979,98760439,87270737,97490072
97490246,87270772,90120190,96600199,83220379,90220722,87270273,97490565,86710141,96600143,98760393,96960636,81610538,98760130,96960810,81610734,87270926,98760115,98760438,81610255
90120993,97490730,90220410,96600846,86710336,98760841,96960175,97490280,86710874,96600633,98760440,86710417,90220092,90120698,98760133,90120250,83220193,90220577,83220015,90220901
96600582,90120826,81610163,96600873,83220185,97490884,96960335,96600299,81610021,87270416,83220857,83220570,97490574,96600525,87270008,90220495,98760049,90220833,87270567,83220760
96960686,87270402,81610722,87270260,90120159,96600130,97490179,96960491,96600182,97490427,98760360,83220512,87270428,98760726,81610003,90220211,97490951,90120386,86710997,86710744
83220489,81610036,98760482,90220516,97490021,97490748,87270823,81610476,90120805,86710813,83220589,96600653,90220873,90220265,87270935,87270731,86710337,96600307,96600976,96600942
90220372,97490095,87270630,90120942,96960210,86710527,97490707,97490512,97490426,96600453,83220133,86710557,87270357,87270087,87270611,86710482,83220259,98760004,86710848,97490824
90120031,90120105,90120191,90220240,96960194,86710943,90120958,97490108,86710970,90220139,86710956,97490571,98760188,97490591,97490389,90220798,98760956,81610540,81610228,83220403
83220180,86710836,83220108,81610559,81610729,81610413,96960683,98760872,87270187,96600756,97490795,83220128,97490495,86710804,81610312,87270131,96960637,96600217,81610805,90120129
96960155,90220678,86710582,81610238,83220126,83220909,81610012,90220790,83220476,86710542,90220414,81610891,87270311,96600061,96600113,96960815,90220051,81610170,90120261,90120300
86710800,96960751,96600318,96600161,90120870,87270949,98760132,83220743,90220134,90220827,96960239,96600153,97490997,98760467,86710752,87270762,86710661,83220274,96600894,90120050
98760266,81610548,98760374,90220931,97490962,98760114,97490850,90220843,87270397,81610371,81610628,98760600,87270424,81610963,86710774,90120483,87270828,87270944,87270673,96600485
81610045,98760358,98760851,83220935,87270099,90120657,90120383,90220088,97490531,83220001,86710366,96960840,96960894,98760909,97490444,81610725,90120331,87270644,90120621,81610412
90220127,81610367,97490745,96960563,98760903,83220659,96600644,98760692,87270983,83220069,90120997,96600445,81610381,96960499,97490415,86710857,98760746,90220509,96960406,83220114
81610841,90220572,81610821,86710027,97490878,83220452,81610430,86710907,83220921,81610154,98760722,98760298,83220203,97490636,96960387,96600757,96600528,96960565,96960977,90220358
98760748,81610928,90120849,96960166,90220981,87270712,81610545,90120522,86710679,83220028,90120506,81610677,90220368,97490830,81610509,81610662,90220266,90220140,98760741,97490547
96960617,96600878,96600992,96960297,87270261,90220280,86710172,87270534,96960644,87270553,81610569,87270923,90220397,83220045,83220817,87270654,86710830,90220299,97490228,86710595
87270160,96600883,86710119,81610818,96600191,81610657,96600296,90220955,98760033,98760042,87270578,86710333,96960453,97490638,90220210,81610475,83220739,90220166,87270849,83220930
83220478,87270126,81610554,90120338,97490216,96960272,86710850,96960582,98760174,83220457,96600871,81610342,90120757,98760873,90120939,96600219,83220652,97490076,98760774,90120049
90120219,86710226,96960774,90220641,90220191,90120029,86710171,90220232,98760583,90220067,90220525,96960692,96600717,96960120,87270885,81610816,90120026,87270058,96960258,96960484
81610934,98760455,86710621,90220136,98760351,83220956,86710635,87270462,86710765,87270305,86710049,96960089,83220213,98760171,96600257,98760207,83220922,90220071,87270995,83220355
81610128,90220632,90120973,83220101,98760534,90220200,98760503,81610176,87270794,81610925,90120289,81610224,86710971,81610322,98760660,97490130,98760166,96600561,87270649,83220017
87270517,96960416,86710829,96600448,83220050,90220025,90120601,90120009,98760247,90220437,87270100,90220535,96600498,97490807,83220257,98760999,87270775,96600315,98760084,90120854
86710975,98760311,97490257,96960962,98760728,96600843,96960855,87270326,96960370,96960877,81610733,90120059,96600065,97490950,87270296,90220262,83220390,97490391,83220642,96600975
86710194,96960956,98760507,87270976,97490989,96960897,90120933,90220614,87270800,83220533,96960694,97490295,83220847,96960809,96600322,86710420,96960419,96600284,90220180,96600313
83220373,87270373,87270660,98760818,86710346,81610799,96960828,86710246,96600527,81610189,87270860,97490375,81610916,90220194,83220816,87270349,97490044,97490450,86710242,90120668
90220878,90120835,96960371,90220054,83220903,87270364,90220854,83220296,90120531,81610760,98760671,87270789,96600250,97490602,96960953,96600016,96960193,90120069,87270283,81610334
98760432,96600086,83220182,83220664,96600773,96600666,83220756,90220943,86710281,96600084,81610605,90120125,81610567,90220987,96600647,96960292,83220359,81610416,98760175,81610613
96960333,97490466,87270151,98760447,96960502,90220880,98760637,81610403,83220614,97490031,86710259,96600630,81610144,97490752,96600238,81610051,90220743,87270400,96600737,96600614
86710862,83220670,90120111,96600577,98760237,97490507,98760509,87270358,83220515,87270450,98760595,96960622,96600831,96960918,87270816,97490127,96600047,86710130,90220723,81610531
96600920,87270530,97490315,83220346,96960444,83220179,86710785,98760296,90220235,97490131,83220749,90120063,97490642,87270940,83220033,86710075,90220404,97490025,96600262,86710150
96960600,90120517,96600573,87270179,86710853,87270543,97490314,87270057,96600815,96960991,96600456,83220244,98760621,96960793,81610502,83220754,90220989,96960247,98760702,86710506
90220694,96960046,97490278,97490244,96960753,90220863,83220020,90220082,83220807,96960604,90120406,83220157,81610688,96960841,96960579,98760548,87270801,90120142,87270747,86710127
81610006,90220734,96960391,81610806,90120732,83220800,83220310,86710933,86710994,83220223,96960308,96960710,96600306,83220784,90220063,96960814,96600439,87270830,96600950,96960588
81610326,98760639,98760531,81610927,86710931,97490104,90120388,97490247,86710452,83220575,90120602,86710888,86710693,96600733,81610039,97490904,81610634,98760939,83220672,86710988
90220925,81610441,81610453,98760782,87270038,96600722,87270420,86710859,90120647,81610786,96960933,96600230,83220410,98760525,86710920,96960398,83220214,86710965,86710358,97490786
96960547,90220705,96600346,81610767,86710544,96600514,83220315,98760570,97490687,83220829,96960114,96600159,96960140,90120052,97490494,87270427,87270569,90120766,96960924,96960124
86710241,98760667,90220365,90120585,96600685,81610016,90120339,96600600,90120626,97490534,81610173,96960939,86710929,96960266,87270506,81610606,86710959,97490870,96960555,81610372
81610201,96960707,87270895,96600501,98760654,81610143,83220413,97490229,96600355,90120596,98760672,90120707,90120999,90120543,96600369,96960698,87270969,97490845,96960164,81610015
90220315,86710044,96600298,83220209,96960963,81610423,90220106,81610675,86710623,96600720,87270668,87270274,87270968,96600730,87270743,96960240,96960505,83220243,90120742,90120136
90120423,87270272,83220335,86710969,87270785,97490655,96600104,97490892,96600747,90120966,86710423,97490772,90120264,90220146,81610157,90220649,96600897,83220536,87270994,97490329
81610513,81610784,90220643,86710558,96600109,98760385,98760949,96960150,98760483,86710644,86710412,86710327,96960635,96600960,98760303,96960674,87270353,97490211,87270119,96600915
98760334,83220499,90220759,98760546,83220838,96600904,87270361,81610108,98760723,96960144,87270177,86710909,90120074,96960399,86710388,97490185,98760451,98760194,96960639,83220330
81610557,97490504,96600820,90120262,98760843,98760798,96600436,86710601,83220469,90120893,86710134,90220980,96600592,83220511,81610239,96960224,81610861,90120097,96600209,87270844
81610186,98760844,96960834,90120566,81610077,97490764,97490498,81610844,96960085,96600714,86710702,86710360,87270471,96600698,96600102,83220300,96600864,86710326,87270259,87270442
98760666,96600994,83220280,81610121,90220405,86710357,87270710,90120855,90220221,90120931,96600129,97490327,96960970,96960310,90220749,96600765,90220462,90120102,90120822,87270375
98760138,87270279,98760751,87270340,90120484,90220781,87270640,83220068,96960849,83220226,96600563,81610604,96960048,90120443,87270468,90120462,97490858,90220501,86710642,81610646
90220636,87270687,98760869,81610323,83220957,98760364,90220589,90220697,81610761,90120205,90220699,96600295,86710247,90220343,97490771,96600107,90220680,87270393,83220406,83220500
97490326,96600596,90220526,87270056,90120571,97490318,81610788,96960926,98760814,97490173,83220357,86710070,96960133,97490818,96960161,96960376,87270094,97490732,96960717,81610561
98760111,87270571,98760562,97490178,90220647,96960498,90120819,86710434,90220806,90120988,97490319,98760252,87270481,87270114,90220295,86710216,90220975,96600042,98760372,87270755
97490900,90120746,83220233,90220031,90220133,90220732,90220788,98760390,87270086,97490199,90220361,86710063,90120437,86710538,81610158,90120850,97490412,81610783,90120257,86710258
87270872,83220090,97490619,83220996,96600858,83220765,83220623,83220542,98760858,86710524,83220363,86710962,90220083,86710066,86710507,90120490,87270299,90220207,98760288,83220662
90220070,90120684,87270552,90220847,90220178,87270791,83220177,81610219,86710453,81610063,90220048,90120625,81610574,96600526,97490343,96600732,86710499,98760435,98760055,86710406
90120160,83220601,90220496,96600782,98760201,86710416,87270993,97490486,83220251,98760911,86710906,98760244,96960383,96960067,90220651,86710567,90220039,90220899,90220976,96960128
90220458,90120682,90120078,90220064,83220861,96600008,98760110,83220712,96960020,83220981,98760454,87270912,96960024,90120719,96960881,86710185,90220398,96960186,97490074,97490461
87270911,90120583,96600719,90220061,96600321,90220466,90220003,83220916,81610041,90220711,90220094,97490626,86710155,98760733,81610400,90220944,83220426,96600145,87270013,96600036
98760029,81610258,97490606,90120046,81610070,81610194,81610308,90120901,97490168,97490684,86710460,86710695,83220616,90220448,83220454,90120534,97490546,97490844,96960148,96960890
98760784,98760526,90220293,96600690,96960537,81610256,96600286,86710501,86710098,83220671,98760785,83220387,90120492,83220194,86710396,97491000,83220354,96600032,97490017,87270044
87270690,87270118,81610739,86710792,96600834,87270986,97490189,90220750,97490533,81610233,90220580,81610902,96960242,86710472,96960853,96600207,97490019,86710984,97490976,97490118
86710823,81610750,86710229,83220295,96960998,90220176,83220735,96600869,81610218,90220320,81610982,83220782,90120630,90220688,81610214,83220705,90220698,81610589,83220818,83220954
86710028,90120714,97490933,90120891,81610138,83220492,96960733,81610969,81610920,98760446,83220627,97490980,96960404,90120907,83220648,81610897,86710043,87270390,81610904,90120820
83220585,90120703,98760408,87270494,83220753,83220858,87270798,83220427,97490492,90220112,98760299,83220009,96600147,96960526,83220572,81610135,98760568,81610301,90120541,87270252
98760952,98760479,90220838,87270854,86710088,90220701,90120251,97490731,86710200,96600785,83220912,98760789,87270904,90220420,96960171,96960932,87270031,81610607,96960481,96600221
87270156,90120207,97490274,87270836,90220442,97490614,81610040,90120737,81610151,98760945,81610907,96960061,97490117,98760842,96960332,90120774,96600198,96600441,83220282,87270829
90220920,90120756,98760904,90120911,86710713,81610832,96960011,81610298,97490452,81610717,96600810,87270966,90220676,90220657,90120369,90120611,83220986,87270786,90220432,97490188
98760022,97490350,87270039,96960517,98760225,86710908,87270438,90220243,96960552,86710580,97490237,98760645,97490094,83220928,97490477,87270004,90220022,90220272,96960433,90220585
90120340,87270751,98760286,98760816,83220428,98760567,97490744,83220613,98760628,81610263,90120456,90120248,96960094,97490028,87270720,96600476,96960576,90220066,90220850,98760926
98760463,97490482,87270723,86710688,96960100,83220030,81610080,98760740,96960043,90120170,90220212,87270304,97490829,96960791,96600093,81610774,98760864,90220771,96600988,96960603
83220751,86710918,96600941,90220110,81610019,83220517,98760709,86710509,97490560,90120348,87270165,90120616,96960076,96960781,90120562,86710188,86710605,98760093,97490508,97490564
98760532,96960651,90220153,96960679,87270409,96960715,96600648,86710669,90120898,98760688,97490525,86710930,98760076,87270132,81610269,97490191,96600636,97490010,96600411,98760653
97490460,87270331,96960721,83220289,81610997,98760998,81610828,96600083,86710660,83220862,87270728,98760332,87270075,90120138,83220856,90220842,86710144,87270882,83220938,96600813
90220531,90120823,98760638,86710899,90220363,90220006,86710512,96600087,90120807,83220152,83220949,96600055,87270460,81610641,97490381,96960397,96960510,81610236,90220948,83220286
96960780,90220923,90220447,96600939,86710855,86710444,96960740,81610247,97490255,87270707,96600688,87270192,86710425,90220911,98760710,81610645,83220900,96600784,96960390,98760725
81610555,90120985,97490165,90120366,96960720,97490075,83220579,81610926,97490269,97490544,87270490,97490132,90120385,98760153,98760343,90120359,87270377,87270841,83220497,97490264
97490009,87270945,90220444,86710957,87270934,97490691,90220406,90120608,96600497,90220300,90220374,96600092,97490738,96600248,96600156,90120010,83220034,98760699,81610379,97490100
87270603,90220770,96960837,97490749,97490670,83220673,83220384,87270476,90220874,96960732,98760797,96960629,86710554,98760340,96960988,96600926,98760960,90120877,90120982,90220233
87270591,87270719,83220622,87270510,96600342,97490961,87270298,86710731,90120438,87270180,90120084,81610789,90120689,97490038,96960706,98760650,96600581,83220367,97490480,90220767
90220395,96600783,96960749,86710456,90120016,81610076,97490530,81610587,96600466,81610456,98760963,90120763,90120268,90120871,87270157,87270519,87270819,96960149,90120764,83220394
86710477,83220752,90120148,97490977,97490445,96960002,83220510,86710236,96960256,90220229,98760100,83220418,96960594,86710317,87270144,90121000,97490125,90120351,96960672,90120570
96600669,83220198,83220448,90120099,86710869,87270439,86710840,83220870,86710809,87270602,96960216,90220331,86710355,96960903,87270256,90220679,96600601,83220141,83220850,90120986
97490167,87270592,90220027,83220959,90220231,90220656,87270445,90120415,86710995,86710450,83220812,96960035,87270909,83220155,98760067,96600728,86710764,81610004,83220564,90120539
90120279,96600627,98760882,97490541,87270892,90220389,98760924,90220126,90120725,96600799,90220386,90120425,83220402,97490015,96960983,98760806,98760097,86710730,86710704,81610047
90220132,83220716,87270225,96600214,83220780,96960146,96600707,81610984,86710881,90220355,87270799,83220104,87270215,97490828,87270161,86710140,97490981,97490538,98760016,90120525
96960927,96960195,81610660,83220106,90220137,83220417,90120808,90220852,96600136,97490060,86710598,87270566,87270068,90220898,81610281,90220887,86710118,81610289,96600215,98760761
96960108,98760565,98760219,90120793,90220546,97490664,96600177,90220076,83220309,90120364,87270557,90220599,81610748,87270956,98760880,87270406,86710222,90120778,90120197,96960891
96600705,86710885,96600229,96960027,96960833,90220449,81610653,86710237,97490767,81610195,98760677,83220860,81610547,86710977,97490004,98760476,90120464,87270906,83220685,90120914
87270464,96960410,98760811,90220033,87270771,90120341,81610578,83220231,97490952,90120526,97490758,98760916,98760341,96600962,90120513,96960049,96600176,96960514,98760895,97490259
90120390,86710427,81610377,86710454,90220573,87270203,96600046,96600097,96600659,86710993,97490214,96960082,83220436,96960219,90120922,98760923,81610295,96600397,81610057,97490955
98760209,83220370,86710868,86710759,81610433,98760899,96600902,81610288,81610321,81610614,97490443,83220599,90220844,96960073,96600308,90220391,97490993,90120027,96960063,87270955
86710632,90120434,81610491,86710234,98760489,90120791,97490808,87270873,86710789,97490227,97490733,87270605,96600490,97490469,96960386,90220628,83220085,90220309,96600194,83220019
97490008,83220905,83220775,98760759,86710511,90220001,90120436,81610929,87270440,83220588,90220834,97490584,86710166,96960088,96960366,86710163,86710794,83220077,81610678,96600028
81610316,87270682,96600365,87270037,90120957,90220079,98760290,86710039,98760080,83220225,90220104,96600908,83220864,96960343,98760023,97490629,98760279,83220708,83220230,86710325
97490231,86710784,86710545,83220915,86710788,86710181,98760573,90120750,98760825,87270848,96600657,96960507,90120580,87270380,83220253,96600723,90120012,96960659,83220470,90220143
90120990,90120592,96960716,90120471,96960432,86710365,97490500,90120864,97490588,96600017,86710306,98760257,96960580,90220278,83220088,83220718,96960014,87270941,96600611,83220568
96600532,96960916,98760715,83220520,96600892,97490667,98760220,98760891,90120318,87270883,98760112,90220968,97490800,96600325,97490273,87270301,86710266,81610355,97490116,96960570
90120266,96960906,90120528,86710641,86710156,87270461,87270963,83220769,90120569,98760338,96960204,81610701,96600426,81610983,96600855,98760830,90220808,83220902,96600651,98760976
96960655,90220623,97490548,83220228,86710671,90220377,81610700,81610751,81610459,98760436,83220344,83220084,98760131,96960986,83220067,83220901,86710389,96600762,87270693,81610691
83220116,96600425,98760063,97490091,81610305,86710407,87270585,81610221,86710073,98760686,90120519,87270908,86710168,96960263,90220409,97490705,96600132,81610020,86710757,97490740
87270570,87270382,90120702,90120429,96600917,96960276,96600610,87270681,86710643,90220460,96960435,96960677,98760433,97490175,90120953,90120759,83220377,97490046,96960119,98760687
